Precision,Recall,threshold,sample
0.8087894840102021,0.6310697446574001,9,huvec
0.943239250447088,0.3840747190121893,105,GM12878
0.9546057870984868,0.2314624098867147,139,HepG2
0.6509390166701836,0.5848849114557658,2,imr90
0.6251333825822868,0.6604231703087062,7,h1
0.5134891313686742,0.7716591349257585,2,mcf7
0.628796777982883,0.7679537629119528,8,K562
