Precision,Recall,threshold,sample
0.1974140649637338,0.8250411861614497,8,OCILY7
0.8042148198504419,0.2534275921165381,160,adrenal gland
0.3666115311909262,0.7219637040483946,7,pgp1
0.3453385470261371,0.7688430698739978,8,K562
0.1296602387511478,0.9083306529430684,2,pc3
0.7577171572146446,0.4184755674496977,105,GM12878
