Precision,Recall,threshold,sample
0.3453385470261371,0.7688430698739978,8,K562
0.4112078758046195,0.7534939042521558,5,GM12878
0.1974140649637338,0.8250411861614497,8,OCILY7
0.3666115311909262,0.7219637040483946,7,pgp1
0.2305545217714923,0.7970408491476358,11,pc3
0.5279066171923315,0.7314695801199658,11,adrenal gland
